start_index,p,gamma,beta
1,1,0.4295035030121173,0.15859678659243834
