start,kind,iteration,value,g_norm
1,warm,1,-5.000000000000e-01,1.509752e-17
2,random,1,-5.000000000000e-01,3.830937e-39
3,random,1,-5.000000000000e-01,2.278184e-56
