start_index,p,gamma,beta
2,1,3.5374040790520196,3.3762401720960677
6
