start_index,p,gamma,beta
3,2,28.636013693254053;5.565119398518298,-12.42437894267352;-9.586590850975258
