start,iteration,value,g_norm
3,1,-5.801459809100e-01,4.039290e-01
3,2,-6.201723648301e-01,3.082900e-01
3,3,-6.287128567248e-01,4.112719e-02
3,4,-6.291224945758e-01,5.087745e-03
3,5,-6.291249317866e-01,1.201797e-05
3,6,-6.291249318202e-01,1.724742e-08
