start_index,p,gamma,beta
2,4,0.22360648130183577;1.0016590730278454;4.198625497785747;2.8766720803959354,1.22783090150532;1.570716587994252;2.428115172907391;2.9570870387774297
