start_index,p,gamma,beta
3,3,5.926555933032573;3.322142129405599;4.46110505388751,-0.30316551042086404;-1.384429473613184;1.5724934082117583
