start_index,p,gamma,beta
3,2,2.8036164755985262;3.7063163964758257,1.9268214994142832;3.3508852413430987
