start_index,p,gamma,beta
3,3,3.535627354372048;0.9575704638894231;-0.16239271923939644,1.70831389324357;0.2512126507221126;1.101988049617685
