start,iteration,value,g_norm
1,1,-9.081035833174e-01,2.061646e+00
1,2,-9.429140633168e-01,2.070312e+00
1,3,-9.429140633168e-01,2.070312e+00
