start,iteration,value,g_norm
1,1,-5.000000000000e-01,4.923323e-171
