start,iteration,value,g_norm
1,1,-5.000000000005e-01,1.169974e-08
