start,kind,iteration,value,g_norm
1,warm,1,-5.834193677986e-01,1.125000e+01
1,warm,2,-6.108455546155e-01,7.617188e+00
1,warm,3,-6.108455546155e-01,7.617188e+00
