start,iteration,value,g_norm
1,1,-5.000635598669e-01,1.513766e-03
1,2,-5.000903228007e-01,2.072716e-03
1,3,-5.075992415519e-01,4.732128e-02
1,4,-5.083825718708e-01,8.666986e-02
1,5,-5.084172839884e-01,3.628558e-02
1,6,-5.091888659638e-01,3.932554e-02
