start_index,p,gamma,beta
2,1,3.403295832648585,2.172644335216876
26
