start,iteration,value,g_norm
1,1,-6.833122255959e-01,4.065571e-01
1,2,-7.158661895941e-01,1.313786e-01
1,3,-7.217427439629e-01,1.550575e-01
1,4,-7.265928831069e-01,5.931043e-02
1,5,-7.269558286208e-01,1.783747e-02
1,6,-7.271519494120e-01,1.566761e-02
1,7,-7.271761909776e-01,4.302036e-04
1,8,-7.271762665394e-01,3.152784e-05
1,9,-7.271762667147e-01,3.439492e-07
