start_index,p,gamma,beta
2,3,3.64154664061984;5.372052232708257;3.921027744875392,3.074329408958404;1.6672125014165475;0.1001343545147137
