start_index,p,gamma,beta
2,1,3.591664254081449,2.965492877925421
5
6
