start,kind,iteration,value,g_norm
1,warm,1,-7.749351664567e-01,6.042480e-01
1,warm,2,-7.936895589297e-01,7.343750e-01
1,warm,3,-7.951466715583e-01,2.832031e-01
1,warm,4,-8.060218440509e-01,2.246094e-01
1,warm,5,-8.110434495314e-01,1.919556e-01
1,warm,6,-8.138570468497e-01,3.515625e-01
1,warm,7,-8.176987575740e-01,2.207031e-01
1,warm,8,-8.176987575740e-01,2.207031e-01
2,random,1,-4.999999999999e-01,9.481327e-11
3,random,1,-5.000000000118e-01,2.777380e-10
