start_index,p,gamma,beta
3,2,3.6202970843109914;5.3337799155794166,1.4345539299415526;1.734293589493806
