start,iteration,value,g_norm
2,1,-5.070466180155e-01,8.467149e-01
2,2,-5.752363851812e-01,2.434435e-01
2,3,-5.788649913223e-01,1.248998e-01
2,4,-5.802087736219e-01,2.750532e-03
2,5,-5.802103821967e-01,2.545301e-05
2,6,-5.802103822557e-01,6.506518e-08
