start_index,p,gamma,beta
3,2,1.6136100616451166;4.589487664739407,-0.8821749362037872;1.7294451785247476

