start,iteration,value,g_norm
3,1,-4.117815765398e-01,2.876639e-01
3,2,-4.999995972324e-01,3.125428e-05
3,3,-5.325486505791e-01,7.039572e-01
3,4,-5.328728515819e-01,6.599129e-01
3,5,-5.842402084819e-01,5.898830e-01
3,6,-6.247844320442e-01,2.210766e-01
3,7,-6.404835229496e-01,3.881679e-02
3,8,-6.407185473895e-01,1.010760e-03
3,9,-6.407188684967e-01,3.057336e-06
3,10,-6.407188684981e-01,4.239198e-11
