start_index,p,gamma,beta
2,3,2.798420511330797;2.656555216069456;2.8516483631048706,1.1542493035110468;1.631130090384816;1.8715170844449163
