start_index,p,gamma,beta
2,2,-0.1678273276496662;2.62680928936086,2.1047768564817946;1.3916628183547048
87
