start_index,p,gamma,beta
2,4,3.4857957409316205;2.013878067535621;1.647806923920669;5.142681049671152,2.9139391735991724;3.1404093761290524;1.7196350490286674;1.5629992735541651
