start,iteration,value,g_norm
3,1,-4.260175261333e-01,2.904755e-01
3,2,-4.999980849831e-01,7.127304e-05
3,3,-5.149884691621e-01,2.862604e-01
3,4,-5.559024389830e-01,2.505130e-01
3,5,-5.580920249110e-01,1.903518e-01
3,6,-5.659892470917e-01,6.849984e-02
3,7,-5.666172103970e-01,9.522231e-03
3,8,-5.666336646412e-01,1.335940e-04
3,9,-5.666336665218e-01,2.316402e-07
