start,iteration,value,g_norm
1,1,-1.010308655825e+01,7.860000e+02
1,2,-1.084173188883e+01,1.600000e+02
1,3,-1.388496794458e+01,6.580000e+02
1,4,-1.482006990226e+01,7.680000e+02
1,5,-1.571252763507e+01,1.104000e+03
1,6,-2.535451309467e+01,2.332000e+03
1,7,-6.161933463853e+01,1.185600e+04
1,8,-1.709025768040e+02,1.542400e+04
1,9,-1.709025768040e+02,1.542400e+04
