start,iteration,value,g_norm
1,1,-8.396336782750e-01,4.042969e-01
1,2,-8.640859604199e-01,3.173828e-01
1,3,-8.640859604199e-01,3.173828e-01
