start,kind,iteration,value,g_norm
1,warm,1,-8.396336782750e-01,4.042969e-01
1,warm,2,-8.640859604199e-01,3.173828e-01
1,warm,3,-8.640859604199e-01,3.173828e-01
2,random,1,-5.000000000000e-01,6.667843e-18
3,random,1,-5.000000412703e-01,9.126607e-07
