start,iteration,value,g_norm
2,1,-4.914541051661e-01,4.157535e-01
2,2,-5.430981753729e-01,3.869702e-01
2,3,-6.097210674926e-01,4.021219e-01
2,4,-6.370862920657e-01,3.662598e-01
2,5,-6.547279656821e-01,2.918833e-01
2,6,-6.662957240533e-01,1.009300e-01
2,7,-6.688858831168e-01,3.845936e-02
2,8,-6.693621789210e-01,1.655838e-02
2,9,-6.693813795136e-01,7.278561e-04
2,10,-6.693814879701e-01,2.446388e-05
2,11,-6.693814881316e-01,2.300839e-06
2,12,-6.693814881320e-01,8.021914e-09
