start_index,p,gamma,beta
2,2,0.39041935330083605;5.507981369749139,0.14065121483287818;1.4086619687381314
