start_index,p,gamma,beta
2,1,3.346815330136318,4.294888404401207
76
