start,iteration,value,g_norm
2,1,-4.903251559598e-01,1.160961e+00
2,2,-5.616527329860e-01,1.855230e-01
2,3,-5.635233876538e-01,4.404757e-02
2,4,-5.638423408685e-01,1.009867e-02
2,5,-5.638483710933e-01,3.449237e-05
2,6,-5.638483713611e-01,3.997426e-08
