start,kind,iteration,value,g_norm
1,warm,1,-5.000144975633e-01,1.171112e-03
1,warm,2,-5.029104103675e-01,9.521484e-02
1,warm,3,-5.516206741662e-01,5.875000e+00
2,random,1,-5.000000000000e-01,1.407338e-13
3,random,1,-5.000000000000e-01,1.801198e-13
4,retry,1,-5.516206741662e-01,5.875000e+00
5,retry,1,-5.516206741662e-01,5.875000e+00
6,retry,1,-5.516206741662e-01,5.875000e+00
