start_index,p,gamma,beta
1,1,0.4602193780652577,0.2339833294903073

