start_index,p,gamma,beta
3,4,2.5275494380192014;3.383985709285398;1.230900903322949;1.3090893799515373,0.09628698109781919;1.1876104251835968;1.5723580385536537;1.4096664610816318
