start_index,p,gamma,beta
3,1,0.4295035087117898,0.15859679602131166
