start_index,p,gamma,beta
1,1,3.601812456745002,1.8047796500253739
6
