start,iteration,value,g_norm
2,1,-4.931565724900e-01,8.223202e-01
2,2,-5.160685323620e-01,3.600441e-01
2,3,-6.042601690335e-01,4.873832e-01
2,4,-6.266129371553e-01,2.853750e-01
2,5,-6.448774219987e-01,1.380139e-01
2,6,-6.504413419495e-01,9.448773e-03
2,7,-6.504496390771e-01,1.499227e-04
2,8,-6.504496451471e-01,1.678284e-08
