start_index,p,gamma,beta
3,3,5.631380324860765;3.326141660665052;4.038565438703645,-0.1070818316238243;0.2335138512807137;1.4524677170068487
