start,iteration,value,g_norm
1,1,-8.255156452517e-01,3.413086e-01
1,2,-8.306649257772e-01,1.181641e-01
1,3,-8.349144339826e-01,1.997070e-01
1,4,-8.357136704158e-01,1.445312e-01
1,5,-8.361770255615e-01,1.381836e-01
1,6,-8.364559291988e-01,2.592773e-01
1,7,-8.367329336904e-01,9.082031e-02
1,8,-8.387323027890e-01,7.958984e-02
1,9,-8.387323027890e-01,7.958984e-02
