start,iteration,value,g_norm
1,1,-7.699513572194e-01,9.609375e-01
1,2,-7.699513572194e-01,9.609375e-01
