start,kind,iteration,value,g_norm
1,warm,1,-7.699513572194e-01,9.609375e-01
1,warm,2,-7.699513572194e-01,9.609375e-01
