start_index,p,gamma,beta
3,3,6.1283495539971105;3.620097073339388;4.305572371307045,0.6668913871161106;0.209568152911339;1.568951615481146
