start,iteration,value,g_norm
1,1,-5.000006729853e-01,1.379013e-03
1,2,-5.000006826949e-01,1.560211e-03
