start_index,p,gamma,beta
3,1,0.42438678390558254,0.23436715225838925
