start,kind,iteration,value,g_norm
1,warm,1,-7.861414006556e-01,2.099609e-01
1,warm,2,-8.017829886370e-01,4.140625e-01
2,retry,1,-8.017829886370e-01,4.140625e-01
3,retry,1,-8.017829886370e-01,4.140625e-01
