start,iteration,value,g_norm
1,1,-5.108962841427e-01,1.238281e+00
1,2,-5.338951069422e-01,1.196289e+00
1,3,-5.437625527249e-01,3.128906e+00
