start,iteration,value,g_norm
1,1,-7.529151181243e-01,1.940556e+00
1,2,-7.661054816890e-01,1.814195e+00
1,3,-7.826107635494e-01,2.289234e+00
1,4,-7.947164245179e-01,1.617725e+00
