start,iteration,value,g_norm
1,1,-7.686766044002e-01,4.480597e-05
