start,iteration,value,g_norm
1,1,-5.000922014595e-01,6.634465e-02
1,2,-8.802946067260e-01,9.633266e+01
1,3,-4.037609888056e+00,3.872000e+03
1,4,-7.108608182308e+23,3.508917e+27
1,5,-8.348520077116e+40,3.155989e+44
1,6,-1.807629411428e+60,1.341974e+64
1,7,2.497723257828e+58,2.865386e+62
1,8,-5.000000000000e-01,0.000000e+00
