start,iteration,value,g_norm
1,1,-8.315810955610e-01,3.159790e-01
1,2,-8.353493106835e-01,3.701973e-01
1,3,-8.398998187787e-01,2.120876e-01
1,4,-8.402493693900e-01,2.197461e-01
