start,iteration,value,g_norm
1,1,-5.579667310442e-01,4.850781e+01
