start,kind,iteration,value,g_norm
1,warm,1,-7.191316119807e-01,2.427734e+00
1,warm,2,-7.555391130680e-01,3.302734e+00
1,warm,3,-7.624299802221e-01,6.531189e+00
1,warm,4,-7.705891302080e-01,2.840820e+00
1,warm,5,-7.705891302080e-01,2.840820e+00
