start_index,p,gamma,beta
2,3,2.847005552214116;2.7136681397054683;2.677308296474547,1.3749675593181463;2.9800715064117287;1.4584543525629265
