start_index,p,gamma,beta
3,2,3.52484070022774;5.5429627286045156,3.24738323675628;3.0175188610802435
