start_index,p,gamma,beta
1,4,0.2715368942014355;0.393278670343317;0.4154402211680912;0.4516132012213954,0.19223006752870256;0.16417629750348164;0.15089455650450892;0.09936953418888557
