start_index,p,gamma,beta
1,1,3.346815330136318,4.294888404401208
693
