start,iteration,value,g_norm
1,1,2.225925820948e-01,5.625000e+01
1,2,-5.000000564222e-01,5.215237e-06
1,3,-5.000167197129e-01,1.413215e-03
1,4,-5.002654085590e-01,2.548371e-02
1,5,-4.999532765571e-01,1.759514e-01
1,6,-5.000000000152e-01,3.346091e-09
