start,iteration,value,g_norm
1,1,-5.000000000000e-01,2.815750e-37
