start,iteration,value,g_norm
1,1,-4.903251559598e-01,1.160961e+00
1,2,-5.616527329860e-01,1.855230e-01
1,3,-5.635233876538e-01,4.404757e-02
1,4,-5.638423408685e-01,1.009867e-02
1,5,-5.638483710933e-01,3.449237e-05
1,6,-5.638483713611e-01,3.997427e-08
