start_index,p,gamma,beta
3,1,6.725443523982272,3.4299363307020045
