start_index,p,gamma,beta
2,4,147.96736370539386;3.3230097727979238;1.3890958285268011;2.3948925424120437,88.88053886848068;-15.272690544256385;12.599410799428508;-9.26760879857206
