start,iteration,value,g_norm
1,1,-8.105572862597e-01,1.726313e-01
