start,kind,iteration,value,g_norm
1,warm,1,-8.029613716950e-01,1.937790e-01
1,warm,2,-8.057757092825e-01,1.304321e-01
1,warm,3,-8.085859671800e-01,3.042603e-02
1,warm,4,-8.092116165922e-01,2.398682e-02
1,warm,5,-8.092670646647e-01,2.002233e-02
1,warm,6,-8.092731193124e-01,2.066040e-02
1,warm,7,-8.094953602966e-01,3.305054e-02
1,warm,8,-8.094953602966e-01,3.305054e-02
