start,iteration,value,g_norm
1,1,-9.116251744504e-01,7.804688e+00
1,2,-9.231925573732e-01,2.866699e+00
1,3,-1.004221081518e+00,5.686523e+00
