start,iteration,value,g_norm
1,1,-8.590916321066e-01,3.219833e-01
1,2,-8.670711619443e-01,1.837158e-01
1,3,-8.677059701428e-01,2.817383e-01
1,4,-8.688113700505e-01,1.301880e-01
1,5,-8.688113700505e-01,1.301880e-01
