start,iteration,value,g_norm
1,1,-5.451627999820e-01,1.473694e+00
1,2,-5.539314373237e-01,2.343750e+00
1,3,-5.661648588314e-01,1.457031e+00
1,4,-5.814129695615e-01,5.078125e+00
