start,iteration,value,g_norm
1,1,-8.554736398134e-01,1.525879e-01
1,2,-8.562067527649e-01,1.435547e-01
1,3,-8.570917042471e-01,1.904297e-01
1,4,-8.555062396901e-01,1.745605e-01
1,5,-8.557556293698e-01,1.487045e-01
1,6,-8.566039254503e-01,2.438965e-01
