start_index,p,gamma,beta
2,3,2.8355171020882204;2.6616069951014967;1.7684131534525374,1.296385928902123;2.9694188764535987;1.5702510909394856
