start_index,p,gamma,beta
2,2,0.3616795272560806;2.423527052929276,1.712787933574285;1.4089833038510589
