start_index,p,gamma,beta
1,4,2.9016007461115985;2.762927826813826;2.728771152430379;2.682857744554089,1.2867288505230772;1.3391657964059178;1.3710795075876747;1.4457264342771035
