start,kind,iteration,value,g_norm
1,warm,1,-1.115217664208e+00,9.869737e+00
1,warm,2,-1.140813479827e+00,4.976768e+00
1,warm,3,-9.839892847752e-01,4.253725e+00
1,warm,4,-1.094939664157e+00,5.273948e+00
1,warm,5,-1.096220416870e+00,6.453455e+00
1,warm,6,-1.332692885506e+00,1.153280e+01
1,warm,7,-1.332692885506e+00,1.153280e+01
