start,iteration,value,g_norm
3,1,-4.456248553256e-01,2.730180e-01
3,2,-5.000000484563e-01,3.407487e-06
3,3,-6.057027413786e-01,4.482543e-01
3,4,-6.090795615167e-01,3.521491e-01
3,5,-6.286101839525e-01,3.966764e-02
3,6,-6.291133864944e-01,9.668213e-03
3,7,-6.291249313502e-01,3.448995e-05
3,8,-6.291249318202e-01,9.242868e-08
