start,iteration,value,g_norm
1,1,-7.112516681489e-01,2.613216e-01
1,2,-7.209903304629e-01,2.101737e-01
1,3,-7.262870654291e-01,3.581239e-02
1,4,-7.271285359087e-01,3.951127e-02
1,5,-7.276181912059e-01,1.408152e-02
1,6,-7.277520945579e-01,1.042413e-02
1,7,-7.277800571506e-01,2.452789e-03
1,8,-7.277823773726e-01,1.573539e-03
1,9,-7.277838861536e-01,6.559327e-04
1,10,-7.277841490216e-01,1.520562e-04
1,11,-7.277841521595e-01,2.309388e-06
1,12,-7.277841521831e-01,3.387256e-07
