start_index,p,gamma,beta
1,4,0.2715368945102818;0.3932786704650401;0.4154402209172137;0.4516132012827883,0.19223006773042384;0.1641762974543399;0.1508945565264165;0.0993695342345523
