start_index,p,gamma,beta
2,3,2.8470055522143225;2.7136681397063613;2.6773082964761885,1.374967559319459;2.9800715064114023;1.4584543525627145
