start_index,p,gamma,beta
3,1,1.4569401314942412,2.2358338764327366
2
