start_index,p,gamma,beta
3,2,3.5248406896908433;5.542962732763994,3.247383244907151;3.0175188646889044
