start,iteration,value,g_norm
1,1,-7.913137542343e-01,4.130859e-01
1,2,-7.751549673780e-01,5.000000e-01
1,3,-7.807902582959e-01,5.585938e-01
1,4,-7.812706004583e-01,5.781250e-01
1,5,-8.055734241848e-01,2.460938e-01
1,6,-8.247154238343e-01,3.671875e-01
1,7,-8.363137878470e-01,3.300781e-01
1,8,-8.431849781561e-01,9.296875e-01
1,9,-8.436341121486e-01,5.000000e-01
1,10,-8.715829727306e-01,8.359375e-01
1,11,-8.737693495046e-01,4.179688e-01
1,12,-8.780814626176e-01,3.320312e-01
