start,iteration,value,g_norm
1,1,-7.803734000421e-01,5.245209e-06
