start,iteration,value,g_norm
2,1,-5.513495007107e-01,6.952321e-01
2,2,-6.012447421512e-01,3.392269e-01
2,3,-6.374935895848e-01,3.225190e-01
2,4,-6.423879417860e-01,8.153052e-03
2,5,-6.424023265269e-01,1.610330e-03
2,6,-6.424024539108e-01,7.314901e-07
