start,kind,iteration,value,g_norm
1,random,1,-5.000067150768e-01,2.847452e-04
1,random,2,-5.007491215113e-01,1.374177e-02
1,random,3,-5.009062357986e-01,1.328099e-02
1,random,4,-5.046019338596e-01,6.288688e-02
1,random,5,-5.062510963955e-01,5.965047e-02
1,random,6,-5.075284557292e-01,5.691404e-02
1,random,7,-5.128213368424e-01,1.808662e-01
1,random,8,-5.112365317141e-01,1.083461e-01
1,random,9,-5.125472125801e-01,9.155971e-02
1,random,10,-5.125472125801e-01,9.155971e-02
