start,iteration,value,g_norm
1,1,-5.000000616262e-01,7.412048e-06
