start,kind,iteration,value,g_norm
1,warm,1,-5.035014332461e-01,7.043457e-01
1,warm,2,-5.329034654879e-01,6.933105e+00
1,warm,3,-5.433081322565e-01,3.403125e+01
2,retry,1,-5.433081322565e-01,3.403125e+01
2,retry,2,-5.433081322565e-01,3.403125e+01
