start,iteration,value,g_norm
1,1,-5.433081322565e-01,3.403125e+01
1,2,-5.433081322565e-01,3.403125e+01
