start_index,p,gamma,beta
1,2,0.3616796779711405;5.565119448980929,0.1419915651474373;1.4089833895801935
86
