start_index,p,gamma,beta
3,4,3.2819878880751934;2.7394699353504923;2.0377077772606977;3.7730006431293615,0.8914089819716252;1.3217924129348197;1.5528054247830911;1.4105531655415462
