start,kind,iteration,value,g_norm
1,warm,1,2.225925820948e-01,5.625000e+01
1,warm,2,-5.000000564222e-01,5.215237e-06
1,warm,3,-5.000167197129e-01,1.413215e-03
1,warm,4,-5.002654085590e-01,2.548371e-02
1,warm,5,-4.999532765571e-01,1.759514e-01
1,warm,6,-5.000000000152e-01,3.346091e-09
2,random,1,-5.000000000000e-01,1.118126e-16
3,random,1,-5.000000000166e-01,7.226056e-09
