start_index,p,gamma,beta
1,4,0.25740521026002505;0.4082402597901122;0.44683446944957345;0.49772505481456397,0.2843984209380917;0.23267562192504007;0.2015494892251566;0.1255944717476081
