start_index,p,gamma,beta
1,1,2.7172059979364716,-2.9072254273640192
