start_index,p,gamma,beta
3,3,6.556983050516724;-0.18019540858654848;3.7014437367485153,-3.017378725416726;0.8685133722729498;1.3700423200780014
