start_index,p,gamma,beta
3,2,2.7511734541255453;3.9167963606942537,1.711447438143257;3.3037270693201033
