start,iteration,value,g_norm
3,1,-4.276069486291e-01,2.951802e-01
3,2,-5.000080115798e-01,1.927418e-04
3,3,-5.342121774361e-01,2.083094e-01
3,4,-5.346462504802e-01,1.976438e-01
3,5,-5.992501260208e-01,4.172381e-01
3,6,-6.369973472279e-01,7.538882e-02
3,7,-6.384771266563e-01,3.224095e-02
3,8,-6.385703352328e-01,3.143597e-04
3,9,-6.385703466587e-01,4.290215e-06
3,10,-6.385703466645e-01,3.486273e-10
