start_index,p,gamma,beta
1,1,3.403295832648585,2.172644335216876
2

