start_index,p,gamma,beta
1,1,0.5070264461679734,0.23342544254016226
