start_index,p,gamma,beta
3,3,5.5927244227542685;3.3368405766260634;4.125424260658001,0.1378777269485077;0.2891076972738559;1.704515515110343
