start,kind,iteration,value,g_norm
1,warm,1,-8.484755468955e-01,3.224106e-01
1,warm,2,-8.555766141087e-01,1.927032e-01
1,warm,3,-8.583273925928e-01,8.764648e-02
1,warm,4,-8.586326535280e-01,2.716064e-02
1,warm,5,-8.585222783570e-01,2.488708e-02
1,warm,6,-8.585260160266e-01,2.804565e-02
1,warm,7,-8.588829572236e-01,3.279495e-02
1,warm,8,-8.597879550820e-01,4.248047e-02
1,warm,9,-8.598549642917e-01,3.582764e-02
1,warm,10,-8.598549642917e-01,3.582764e-02
