start,iteration,value,g_norm
3,1,-5.820902564665e-01,4.406860e-01
3,2,-6.472141949486e-01,4.695297e-01
3,3,-6.656696896393e-01,3.503335e-02
3,4,-6.660282072332e-01,3.765261e-03
3,5,-6.660294410701e-01,5.906887e-06
3,6,-6.660294410804e-01,4.403027e-09
