start_index,p,gamma,beta
1,1,0.4198747645515427,0.17646267368438276
