start_index,p,gamma,beta
2,4,0.3340190589957972;-0.019517025827276067;4.30344603950023;2.470543754174094,0.8910632094781813;2.4447324548200604;3.1520396097259327;3.2735489381861678
