start,iteration,value,g_norm
1,1,-5.516206741662e-01,5.875000e+00
