start_index,p,gamma,beta
1,2,2.641554747342831;2.836594276257925,1.5230602799784627;1.9897360145114251
