start_index,p,gamma,beta
1,4,2.8566134250412434;3.5413987793911668;3.558612400545588;3.5913627571618947,1.737531763084981;0.1450176901543966;0.13608645941496705;0.09090423953089392
