start_index,p,gamma,beta
2,1,0.4295035087117895,0.15859679602131163
