start_index,p,gamma,beta
3,3,3.061228072127452;0.24776457484200273;0.28409101055442265,0.8711051532449168;0.48985822026522;1.395767191248935
