start,iteration,value,g_norm
3,1,-4.474394609676e-01,2.874250e-01
3,2,-4.999991472770e-01,2.342416e-05
3,3,-5.140304016644e-01,4.911916e-01
3,4,-5.272245476859e-01,1.909693e-01
3,5,-6.269576911029e-01,2.991811e-01
3,6,-6.315953764511e-01,4.576703e-01
3,7,-6.477060311292e-01,9.418649e-03
3,8,-6.477303306168e-01,3.262402e-03
3,9,-6.477308086067e-01,4.240240e-06
3,10,-6.477308086119e-01,6.698821e-09
