start,kind,iteration,value,g_norm
1,warm,1,1.266748617443e+21,3.316171e+23
1,warm,2,-5.000000000000e-01,0.000000e+00
2,random,1,-5.000000000000e-01,8.422852e-24
3,random,1,-5.000000000000e-01,1.021412e-14
