start,iteration,value,g_norm
1,1,1.266748617443e+21,3.316171e+23
1,2,-5.000000000000e-01,0.000000e+00
