start_index,p,gamma,beta
1,2,1.6136100616451166;4.589487664739407,2.2594177173860057;1.7294451785247476

