start,kind,iteration,value,g_norm
1,warm,1,Inf,0.000000e+00
2,random,1,-5.000000000000e-01,3.900348e-16
3,random,1,-4.999557342380e-01,5.796230e-02
3,random,2,-5.000000000000e-01,1.400972e-27
