start,iteration,value,g_norm
2,1,-5.002334712247e-01,5.834244e-03
2,2,-5.015077173748e-01,1.788910e-02
2,3,-5.094854288761e-01,1.106189e-01
2,4,-5.123130181991e-01,3.694186e-01
2,5,-5.246044707859e-01,7.598347e-01
2,6,-5.381565738218e-01,3.961522e-01
2,7,-5.408124061080e-01,5.493775e-01
2,8,-5.434823196100e-01,5.224795e-01
2,9,-5.485548852292e-01,1.188310e+00
2,10,-5.804965910996e-01,1.015962e+00
2,11,-5.804965910996e-01,1.015962e+00
2,12,-5.804965910996e-01,1.015962e+00
