start,iteration,value,g_norm
3,1,-4.999557342380e-01,5.796230e-02
3,2,-5.000000000000e-01,1.400972e-27
