start,iteration,value,g_norm
1,1,-5.154086490223e-01,1.396484e+00
1,2,-5.209133703521e-01,2.835938e+00
1,3,-5.333499062058e-01,5.244141e-01
1,4,-5.367863296817e-01,2.402344e+00
1,5,-5.372795713619e-01,1.650391e+00
1,6,-5.856228525409e-01,2.246094e+00
1,7,-5.740314325795e-01,2.757812e+00
1,8,-5.795161948744e-01,4.625000e+00
1,9,-5.795161948744e-01,4.625000e+00
