start,iteration,value,g_norm
1,1,-5.000000000005e-01,8.294592e-10
