start_index,p,gamma,beta
2,2,0.42761118691125843;2.2926934775550953,1.709628931394406;1.4081620996368767
