start_index,p,gamma,beta
3,1,0.4602193780652577,15.941946597439273

