start_index,p,gamma,beta
2,3,2.7333297647103527;0.991792885990665;-0.16246672732748688,1.4570191003307058;4.516173767798826;0.36794684174545567
