start_index,p,gamma,beta
2,4,3.525024361008246;2.438352055839368;2.5411410731079647;3.9785137287430863,3.221835304085451;2.87991433936413;1.450627776000929;1.6789738493437232
