start,iteration,value,g_norm
1,1,-8.284358184997e-01,2.876708e-01
1,2,-8.259396682917e-01,2.730468e-01
1,3,-8.260801146924e-01,2.732710e-01
