start,iteration,value,g_norm
1,1,-8.133905969699e-01,3.838644e-06
