start,iteration,value,g_norm
1,0,-4.945565297104e-01,6.544485e-01
1,1,-5.824240934554e-01,3.962459e-01
1,2,-6.346192817433e-01,2.925989e-01
1,3,-6.707256246413e-01,1.101891e-01
1,4,-6.759280348312e-01,2.697980e-02
1,5,-6.760566561563e-01,1.025618e-04
1,6,-6.760566600602e-01,3.217774e-06
1,7,-6.760566600614e-01,1.190406e-11
