start,iteration,value,g_norm
2,1,-4.999999964392e-01,9.200380e-08
