start,iteration,value,g_norm
2,1,-5.000190857294e-01,5.058243e-04
2,2,-5.000185857449e-01,5.006873e-04
2,3,-5.008894052146e-01,9.991858e-03
2,4,-5.018499800411e-01,2.597058e-02
2,5,-5.018499800411e-01,2.597058e-02
2,6,-5.018210251207e-01,4.349034e-02
2,7,-5.018210251207e-01,4.349034e-02
2,8,-5.017710833815e-01,6.602437e-02
2,9,-5.018088625794e-01,2.897790e-02
2,10,-5.020703052694e-01,5.525828e-02
2,11,-5.020703052694e-01,5.525828e-02
