start,iteration,value,g_norm
3,1,-5.000000000000e-01,4.827963e-56
