start,kind,iteration,value,g_norm
1,warm,1,-5.000000000000e-01,2.116146e-15
2,random,1,-5.000000000000e-01,6.693314e-46
3,random,1,-5.000000000000e-01,4.827963e-56
