start,iteration,value,g_norm
2,0,-5.000000000000e-01,5.439883e-14
