start_index,p,gamma,beta
2,3,-16.119910917984782;11.08354783523602;-0.8301412886221342,-6.461554200625788;0.016854785932238273;6.476707073350485
