start_index,p,gamma,beta
2,1,3.583851255796165,3.429936302833274
