start_index,p,gamma,beta
3,4,3.521153150858842;2.440288126397722;0.16540912315763306;2.3859626220056533,-0.10666599595666332;0.5445730854352044;2.8907821354035805;1.73806319302241
