start_index,p,gamma,beta
3,2,9.622723674991445;2.5623140484359213,-2.2422781572095705;-1.3149153724086535
