start,iteration,value,g_norm
2,1,-4.948660143911e-01,6.172508e-01
2,2,-5.955482502345e-01,3.355178e-01
2,3,-6.243744149450e-01,3.571136e-01
2,4,-6.405380915251e-01,2.473241e-02
2,5,-6.407186235207e-01,1.358513e-03
2,6,-6.407188684979e-01,6.707647e-07
