start_index,p,gamma,beta
3,4,3.3505110689151523;3.1162785641988497;0.2833467830841428;2.3072950645485726,-1.1070701743513385;-2.7254468449018017;-2.996955967587241;2.9979182700798823
