start_index,p,gamma,beta
1,1,0.47516883211514493,0.1996306687576617
