start_index,p,gamma,beta
2,3,3.5177956872602953;4.894284619772318;2.321416645372176,1.7987640939608622;1.583565700597807;0.1487330448212961
