start_index,p,gamma,beta
2,2,-0.3198333295999461;4.766823284855285,2.7514291632842287;3.9271134628771054
