start,iteration,value,g_norm
2,1,-4.632372200640e-01,5.100227e-01
2,2,-4.999993851051e-01,5.089330e-05
2,3,-4.999999935324e-01,1.287043e-06
2,4,-5.000000000000e-01,3.873767e-13
