start,iteration,value,g_norm
1,1,-4.998787511935e-01,2.868652e-02
1,2,-4.999961832594e-01,1.725197e-03
1,3,-5.000008585227e-01,1.788139e-04
1,4,-5.000067256187e-01,1.367569e-03
1,5,-5.000892360550e-01,5.261230e-02
