start,iteration,value,g_norm
1,1,-6.773819113341e-01,7.382812e-01
1,2,-6.880977371187e-01,1.878906e+00
1,3,-7.338352497242e-01,1.796875e+00
1,4,-7.395169239499e-01,2.257812e+00
1,5,-7.475579365593e-01,5.537109e-01
1,6,-7.510288874728e-01,6.601562e-01
1,7,-7.560127865379e-01,6.718750e-01
1,8,-7.848974562066e-01,9.062500e-01
1,9,-7.848974562066e-01,9.062500e-01
