start_index,p,gamma,beta
3,2,3.5198260855892345;2.9435165050780294,0.48869588118537993;1.2854797075194833
