start_index,p,gamma,beta
2,4,3.6752984426589124;6.047176539833649;0.4853711286908521;0.5016185043073798,0.07871709545577388;2.7583415648033562;-0.2155832924523603;1.4314904501951318
