start,iteration,value,g_norm
2,1,-5.000000000000e-01,1.814757e-12
