start,iteration,value,g_norm
1,1,-6.388506369194e-01,2.594362e-01
1,2,-6.423862794331e-01,8.595416e-03
1,3,-6.424003916168e-01,6.112271e-03
1,4,-6.424024539038e-01,5.977557e-06
1,5,-6.424024539109e-01,1.023707e-08
