start_index,p,gamma,beta
1,4,5.975272798141875;5.786202477512336;5.732344024354939;5.664444876349468,1.285309725215067;1.334626962654822;1.3628320909912814;1.443180690143491
