start_index,p,gamma,beta
2,2,0.41733400155910927;2.9219026641994024,2.058569720744223;1.8562852057023957
