start_index,p,gamma,beta
3,3,6.622864338771847;0.5472204314810011;0.6228665095837015,1.8574195651397731;0.22686397916306159;0.14539090403109892
