start_index,p,gamma,beta
3,3,5.9787077164996925;3.3375202985230676;3.751385106824214,1.0805061266585303;0.33249813761801233;1.701187408399627
