start,iteration,value,g_norm
3,1,-5.814584939948e-01,4.288187e-01
3,2,-6.369925371946e-01,4.049825e-01
3,3,-6.500778890921e-01,3.729804e-02
3,4,-6.504475618145e-01,4.924357e-03
3,5,-6.504496451169e-01,1.071077e-05
3,6,-6.504496451471e-01,2.517958e-09
