start_index,p,gamma,beta
1,1,3.5218115304082973,3.4303839047061215
