start_index,p,gamma,beta
1,4,2.9183640659961334;0.37389127481834017;0.41462544660415107;0.4676394243441167,1.9513371594389055;0.300682386766102;0.24504039005577466;0.14617168421616314
