start_index,p,gamma,beta
3,2,2.793631346658573;-5.580354702075651,3.319090911351025;7.659086244366803
