start_index,p,gamma,beta
3,3,2.892806339896566;0.41325196586626356;0.4704942391194234,1.9455187700169627;0.2775259257788112;0.17068046932276085
