start,iteration,value,g_norm
1,1,-7.608266422496e-01,1.564674e-01
1,2,-7.628118709255e-01,7.641602e-02
1,3,-7.650253481061e-01,5.572510e-02
1,4,-7.649521439032e-01,4.234374e-02
1,5,-7.668764987405e-01,5.303955e-02
1,6,-7.670685426549e-01,7.446289e-02
