start,iteration,value,g_norm
1,1,-7.568134122907e-01,2.092123e-04
1,2,-7.568134122907e-01,2.092123e-04
