start,iteration,value,g_norm
3,1,-4.505551065962e-01,2.514213e-01
3,2,-5.000091140165e-01,2.771271e-04
3,3,-5.139278738311e-01,1.105755e-01
3,4,-6.134285452204e-01,1.782664e-01
3,5,-6.184359620210e-01,9.908002e-02
3,6,-6.205419574789e-01,1.850001e-02
3,7,-6.206306488140e-01,5.523858e-04
3,8,-6.206306948643e-01,2.774640e-07
