start_index,p,gamma,beta
3,4,3.3086044047335093;3.7097890231547943;2.1545331296464356;3.279697809619775,2.6988276928433668;3.2687061389710634;1.7698637838835864;1.2161730525902121
