start_index,p,gamma,beta
3,3,0.44675730287559695;2.3327250076676824;3.8404567818170547,1.6576815700802885;1.4388664360496448;1.6973552100125977
