start,kind,iteration,value,g_norm
1,warm,1,-8.078731467369e-01,1.640603e+00
1,warm,2,-8.101099288466e-01,1.382812e+00
1,warm,3,-8.101099288466e-01,1.382812e+00
