start,iteration,value,g_norm
1,1,-5.106758802005e-01,4.003906e+00
1,2,-5.189784925751e-01,7.765625e+00
1,3,-5.230431385304e-01,4.687500e+01
1,4,-5.638310222690e-01,1.199902e+01
1,5,-5.723827238535e-01,6.662109e+00
