start_index,p,gamma,beta
3,3,6.441338279856884;0.2636885404050289;0.33002219274634004,1.767264319680864;0.2032384858621034;0.6240073072113763
