start_index,p,gamma,beta
2,2,-0.16767453969748558;2.5574555601152427,1.9073136289636496;1.734648276337706
