start_index,p,gamma,beta
3,1,1.167167966693272,2.350289617468296
83
