start_index,p,gamma,beta
1,4,3.432720970121681;3.5657906038818665;3.5916321710557497;3.632364072394907,2.9494305470098086;0.16462771703680254;2.989538771367662;3.2412512747190867
