start,iteration,value,g_norm
1,1,-3.755860967136e-01,5.398438e+00
1,2,-5.000000010369e-01,4.262222e-08
