start,kind,iteration,value,g_norm
1,warm,1,-3.755860967136e-01,5.398438e+00
1,warm,2,-5.000000010369e-01,4.262222e-08
2,random,1,-5.000000000000e-01,7.345470e-18
3,random,1,-4.999999997110e-01,1.017207e-08
