start,iteration,value,g_norm
1,1,-7.135514432643e-01,1.492188e+00
1,2,-7.150889647227e-01,1.175781e+00
1,3,-7.308167715131e-01,9.804688e-01
1,4,-7.314362963726e-01,1.250000e+00
1,5,-7.314362963726e-01,1.250000e+00
