start_index,p,gamma,beta
1,3,-3.244924582501277;9.129685218237285;-1.4705612850268677,-2.0402778483998625;-5.91999217902635;-1.7049936222117307e-5
