start_index,p,gamma,beta
2,1,2.7120891499491893,102.2603580348678
4
