start,iteration,value,g_norm
1,1,-5.174188696929e-01,9.696770e-02
1,2,-5.448390966346e-01,3.266335e-01
1,3,-5.803662628321e-01,3.033524e-01
1,4,-6.001936477914e-01,3.688812e-01
1,5,-6.230387716471e-01,5.950441e-01
1,6,-6.305150138791e-01,6.159973e-01
1,7,-6.488739517012e-01,8.593750e-01
1,8,-6.608792030466e-01,8.929062e-01
1,9,-6.636514898835e-01,4.785156e-01
1,10,-8.042101747073e-01,8.164062e-01
1,11,-8.042101747073e-01,8.164062e-01
