start,iteration,value,g_norm
1,1,-5.000635598669e-01,1.513766e-03
1,2,-5.000903228007e-01,2.072716e-03
1,3,-5.075992415519e-01,4.732128e-02
1,4,-5.083825718708e-01,8.666986e-02
