start,iteration,value,g_norm
1,1,-5.000061823551e-01,2.062209e-03
1,2,-5.001028508558e-01,8.168758e-04
1,3,-5.001541044371e-01,1.022377e-03
1,4,-5.049992697177e-01,4.279518e-02
1,5,-5.142094073813e-01,1.381915e-01
1,6,-6.046506706889e-01,6.824796e-01
1,7,-6.397589594800e-01,6.964433e-01
1,8,-6.804617600866e-01,3.501269e-01
1,9,-6.874038887319e-01,6.499373e-01
1,10,-6.875252046238e-01,4.553290e-01
1,11,-6.902786114353e-01,9.691628e-01
1,12,-6.902786114353e-01,9.691628e-01
