start_index,p,gamma,beta
1,2,3.500068280562812;3.6647236201636706,2.9461708221405787;3.2733019367708254
