start_index,p,gamma,beta
3,3,5.664719972136183;3.316809281532542;3.9716441322167073,0.08880614962226778;0.1989119713011129;1.6774536633196835
