start,iteration,value,g_norm
1,1,-5.177204319443e-01,6.108322e-01
1,2,-5.889365894976e-01,5.566298e-01
1,3,-6.307314602900e-01,4.186419e-01
1,4,-6.783839655674e-01,2.738728e-01
1,5,-6.993345534321e-01,2.640331e-01
1,6,-7.066759686419e-01,1.880460e-01
1,7,-7.095102280229e-01,1.857700e-02
1,8,-7.095614877084e-01,2.171360e-03
1,9,-7.095626452047e-01,1.591862e-03
1,10,-7.095635580016e-01,3.019082e-04
1,11,-7.095635623424e-01,1.353698e-06
1,12,-7.095635623427e-01,5.851405e-09
