start,iteration,value,g_norm
1,1,-5.000000000000e-01,1.432188e-14
