start,iteration,value,g_norm
3,1,-5.501253040821e-01,7.228964e-01
3,2,-6.007004481647e-01,3.901168e-01
3,3,-6.198449132315e-01,7.388916e-01
3,4,-6.499887163202e-01,2.023900e-01
3,5,-6.526939228780e-01,5.625804e-03
3,6,-6.526955195115e-01,1.587153e-04
3,7,-6.526955269883e-01,4.943283e-07
