start,iteration,value,g_norm
1,1,-5.658367254864e-01,1.128906e+00
1,2,-5.884182149766e-01,1.687500e+00
1,3,-6.589963468323e-01,1.625000e+00
1,4,-6.661338249228e-01,1.781250e+00
1,5,-6.751356641377e-01,1.156250e+00
1,6,-6.944610250749e-01,3.875000e+00
1,7,-7.143815143663e-01,1.875000e+00
1,8,-7.598518236605e-01,2.531250e+00
1,9,-7.642155196153e-01,3.015625e+00
1,10,-7.642155196153e-01,3.015625e+00
