start,kind,iteration,value,g_norm
1,warm,1,-4.016669664023e+02,5.598574e+04
1,warm,2,7.954854477704e+03,6.128079e+06
1,warm,3,-5.000000000000e-01,0.000000e+00
2,random,1,-5.000000000000e-01,1.475030e-12
3,random,1,-5.000000000000e-01,1.157883e-13
