start_index,p,gamma,beta
3,2,3.616736092123324;1.3234841448827968,0.19968378007152074;3.1384879382339146
