start,iteration,value,g_norm
1,1,-8.255156452517e-01,3.413086e-01
1,2,-8.306649257772e-01,1.181641e-01
1,3,-8.349144339826e-01,1.997070e-01
1,4,-8.357136704158e-01,1.445312e-01
1,5,-8.361770255615e-01,1.381836e-01
