start,iteration,value,g_norm
3,1,-5.709038319015e-01,4.175285e-01
3,2,-6.116602884981e-01,3.182039e-01
3,3,-6.516298460481e-01,3.561693e-01
3,4,-6.586085184497e-01,7.732112e-03
3,5,-6.586249255677e-01,1.337537e-03
3,6,-6.586250246330e-01,1.485223e-07
