start,iteration,value,g_norm
1,1,-5.001445485233e-01,5.975342e-02
1,2,-5.003615493383e-01,1.284180e-01
