start_index,p,gamma,beta
3,3,3.671842709277396;0.16087027373537846;0.774289554203277,1.3841611477049331;0.39189829867480325;-0.15451461967405247
