start_index,p,gamma,beta
3,2,-24.786589849513522;41.011046086782585,2.2271055735613823;-26.32272089978586
