start_index,p,gamma,beta
2,4,3.410000147717153;2.693908208733878;1.979763819538146;5.630164489068217,1.9457891450568316;2.8640693562685335;1.6006278833777785;1.744745247157309
