start_index,p,gamma,beta
2,1,0.40773374676474355,0.28860227562747015
