start_index,p,gamma,beta
3,2,-21.618056993912038;-5.654624403568184,6.642016511872561;-1.3607445000840284
