start_index,p,gamma,beta
2,1,0.48739677032689904,0.2879678030233646
