start_index,p,gamma,beta
3,4,0.42619735616188753;0.7844427611496865;0.1914827202248479;2.2856973263703053,1.675334788606029;1.0317629196066005;3.3842506396315883;0.169291011862953
