start_index,p,gamma,beta
3,3,3.776564537625748;0.25524292237993257;-0.6813791569121295,1.4273216216233255;0.51976201380261;0.1938676799633746

