start,iteration,value,g_norm
1,1,-5.052864643301e-01,6.355778e-01
1,2,-5.918620962372e-01,3.675046e-01
1,3,-6.138404156245e-01,5.220524e-01
1,4,-6.517739051466e-01,1.081530e-01
1,5,-6.554329483022e-01,6.075948e-03
1,6,-6.554451922664e-01,2.421015e-04
1,7,-6.554451989719e-01,1.219614e-08
