start,iteration,value,g_norm
1,1,-8.137382478951e-01,4.167023e-01
1,2,-8.271585203712e-01,2.197371e-01
1,3,-8.338229661817e-01,1.087738e-01
1,4,-8.364911266486e-01,6.446457e-02
1,5,-8.376236826793e-01,4.631662e-02
1,6,-8.385277324076e-01,2.553940e-02
1,7,-8.386823854853e-01,1.076126e-02
