start,iteration,value,g_norm
1,1,-7.924183901146e-01,2.416687e-01
1,2,-7.986266170525e-01,9.735107e-02
1,3,-7.988848105435e-01,4.150391e-02
1,4,-7.987211158425e-01,3.601074e-02
1,5,-8.002989725641e-01,5.041504e-02
1,6,-8.009284588962e-01,5.346680e-02
