start,iteration,value,g_norm
2,1,-5.066460913391e-01,7.986267e-01
2,2,-5.392785196108e-01,1.893955e-01
2,3,-5.471445969678e-01,4.059992e-01
2,4,-5.541963277968e-01,5.780638e-01
2,5,-6.385570000273e-01,6.964322e-03
2,6,-6.385700312743e-01,1.752585e-03
2,7,-6.385703466645e-01,5.157545e-07
