start,iteration,value,g_norm
1,1,-7.861414006556e-01,2.099609e-01
1,2,-8.017829886370e-01,4.140625e-01
