start,kind,iteration,value,g_norm
1,warm,1,-8.110728623861e-01,2.102051e-01
1,warm,2,-8.110768717704e-01,1.760254e-01
1,warm,3,-8.110947273433e-01,2.891617e-01
1,warm,4,-8.133743409886e-01,4.304452e-01
1,warm,5,-8.130864213423e-01,1.730957e-01
1,warm,6,-8.144208752969e-01,2.038765e-01
1,warm,7,-8.144208752969e-01,2.038765e-01
