start,iteration,value,g_norm
1,1,-8.033426245862e-01,1.958847e-01
1,2,-8.059812710661e-01,1.407166e-01
1,3,-8.086908336583e-01,4.064941e-02
1,4,-8.091372502207e-01,1.959229e-02
1,5,-8.098236304471e-01,4.846191e-02
1,6,-8.098236304471e-01,4.846191e-02
