start_index,p,gamma,beta
3,1,0.4602198006459901,0.23398331988009854
