start,iteration,value,g_norm
1,1,-4.289641342761e-01,7.048582e-02
1,2,-4.999925428396e-01,3.582551e-04
1,3,-6.169246125393e-01,6.391744e-01
1,4,-6.169246703416e-01,6.391516e-01
1,5,-6.475711261905e-01,1.831126e-01
1,6,-6.503642176783e-01,1.462153e-02
1,7,-6.504495409182e-01,1.026038e-03
1,8,-6.504496451464e-01,1.281700e-06
1,9,-6.504496451471e-01,4.277532e-10
