start,iteration,value,g_norm
1,1,-7.698590900611e-01,9.173127e-06
