start,iteration,value,g_norm
1,1,-6.524883141634e-01,3.182583e-01
1,2,-6.585910588988e-01,1.159631e-02
1,3,-6.586171109000e-01,1.015436e-02
1,4,-6.586250245765e-01,1.325676e-05
1,5,-6.586250246330e-01,2.912642e-08
3,6,-6.586250246330e-01,1.485223e-07
