start_index,p,gamma,beta
1,1,0.39581108583359387,0.2346474087686801

