start_index,p,gamma,beta
1,4,3.398115510238017;3.5276329394864367;3.55543833127179;3.595887575236154,0.22844088794647202;0.19102703064597404;0.17091484018721845;0.1103059860595781
