start_index,p,gamma,beta
2,1,0.4088012242456227,0.20041636604965446
