start_index,p,gamma,beta
2,3,2.827868547370396;2.9650854376292743;0.6773534954366143,1.1890780006827708;3.3044592854419044;1.4440791854236883
