start_index,p,gamma,beta
3,2,2.8206599705963287;3.6239204740662356,1.797845114017489;3.2901771099491826
