start,kind,iteration,value,g_norm
1,warm,1,-1.150869731308e+00,1.792969e+00
1,warm,2,-1.291438579606e+00,1.715820e+00
1,warm,3,-1.331240701222e+00,2.593750e+00
1,warm,4,-1.331240701222e+00,2.593750e+00
2,random,1,-5.000000000000e-01,1.387779e-17
3,random,1,-5.000000004019e-01,1.097804e-08
