start,iteration,value,g_norm
1,1,-1.150869731308e+00,1.792969e+00
1,2,-1.291438579606e+00,1.715820e+00
1,3,-1.331240701222e+00,2.593750e+00
1,4,-1.331240701222e+00,2.593750e+00
