start,iteration,value,g_norm
2,1,-5.711999175412e-01,4.149123e-01
2,2,-6.082205615814e-01,2.945399e-01
2,3,-6.350213895031e-01,1.133361e-01
2,4,-6.362803410966e-01,1.503380e-03
2,5,-6.362805163206e-01,4.135605e-06
2,6,-6.362805163243e-01,1.253446e-09
1,7,-6.362805163243e-01,1.596776e-08
