start_index,p,gamma,beta
2,2,-0.16782732764967556;2.6268092893608417,2.1047768564818186;1.3916628183546995
