start_index,p,gamma,beta
2,4,3.4857957410970997;2.013878066217529;1.64780692523095;5.1426810491019905,2.9139391736068325;3.140409376128246;1.7196350489859251;1.5629992737224672
