start_index,p,gamma,beta
2,3,2.7984205113279277;2.656555216066187;2.8516483631003777,1.1542493035098567;1.6311300903827535;1.8715170844432876
