start_index,p,gamma,beta
1,1,3.322177868442485,2.3561944900303433
03
