start,iteration,value,g_norm
1,1,-2.144100371691e+01,6.715000e+02
1,2,-4.112267833542e-01,2.365478e+01
1,3,-4.999802466196e-01,3.653221e-03
1,4,-5.000000000000e-01,1.990935e-15
