start,iteration,value,g_norm
1,1,-8.816989285693e-01,5.273438e-01
1,2,-8.829552818254e-01,6.210938e-01
1,3,-8.829552818254e-01,6.210938e-01
