start,iteration,value,g_norm
1,1,-8.147775766595e-01,4.140625e-01
1,2,-8.159248102289e-01,6.191406e-01
1,3,-8.214198530258e-01,4.785156e-01
1,4,-8.344759251908e-01,9.765625e-01
1,5,-8.434671639001e-01,9.707031e-01
1,6,-8.516861754439e-01,1.113281e+00
1,7,-8.564920255934e-01,7.578125e-01
1,8,-8.564920255934e-01,7.578125e-01
