start_index,p,gamma,beta
2,3,4.08371592219431;5.494398319924416;2.6625391667419938,1.5667751849561142;0.9045065356473335;1.360527992801326
