start,iteration,value,g_norm
3,1,-4.999971338470e-01,4.880619e-05
3,2,-5.000000001406e-01,9.545676e-09
