start_index,p,gamma,beta
1,4,3.7912712499839394;5.991709974337239;0.5934165175816215;0.6209826092528083,0.07917366478460919;2.756909738603349;-0.2206835654836404;1.430153945745836
