start,iteration,value,g_norm
2,1,-4.914486613946e-01,1.026837e+00
2,2,-5.388782096811e-01,4.985040e-01
2,3,-5.600246703161e-01,1.868023e-02
2,4,-5.600565997056e-01,2.098698e-03
2,5,-5.600574086131e-01,1.531876e-06
2,6,-5.600574086135e-01,8.503482e-10
