start_index,p,gamma,beta
2,3,0.6221602431249682;2.326867032567646;3.750707659489937,1.551227287272361;0.9221241929323505;1.7792336677993223
6
