start_index,p,gamma,beta
1,3,0.2945870735553931;0.4279245921304386;0.46428441048709485,0.19582878368472154;0.16152122030015487;0.11234200078832358
