start_index,p,gamma,beta
2,4,-0.1544517166542178;0.971830018009353;4.849842868612152;2.630901937153322,0.48047147840525617;3.1406797757503533;2.883349714497035;3.3042354303103894
