start_index,p,gamma,beta
2,3,3.446638585514993;6.828866755307896;5.52638998110356,7.536308527857694;-0.12094013098099213;0.12789476959150464
