start,iteration,value,g_norm
1,1,-8.017829886370e-01,4.140625e-01
