start,iteration,value,g_norm
1,1,-7.924183901146e-01,2.416687e-01
1,2,-7.986266170525e-01,9.735107e-02
1,3,-7.988848105435e-01,4.150391e-02
1,4,-7.987211158425e-01,3.601074e-02
1,5,-8.002989725641e-01,5.041504e-02
1,6,-8.009284588962e-01,5.346680e-02
1,7,-8.009621311880e-01,4.528809e-02
1,8,-8.010667191299e-01,5.126953e-02
1,9,-8.013078377418e-01,4.895020e-02
1,10,-8.014599127685e-01,3.735352e-02
1,11,-8.014599127685e-01,3.735352e-02
