start_index,p,gamma,beta
2,4,3.301206899921737;6.585677441857691;-0.24717133799037555;0.8056561864086378,0.7896401162524522;2.736612973232192;0.14194659378313088;1.4448861596498084
