start_index,p,gamma,beta
1,1,0.4243868756709079,0.234367195427554
6
