start,iteration,value,g_norm
3,0,-3.826022899305e-01,2.743557e-01
3,1,-4.999965223694e-01,2.766272e-04
3,2,-4.999999059835e-01,1.847254e-05
3,3,-4.999999969680e-01,1.406153e-06
3,4,-4.999999999163e-01,9.522874e-08
