start_index,p,gamma,beta
3,2,2.536429077233851;3.3570479160660263,1.702312295405377;2.7917816607894594
64
