start_index,p,gamma,beta
1,4,2.901600746121196;2.7629278268498716;2.728771152456631;2.6828577445458532,1.2867288505481476;1.339165796425593;1.3710795075796802;1.4457264342680785
