start_index,p,gamma,beta
3,3,3.0017785859863886;0.399553883567781;0.47331622062502104,2.2505014977892075;0.2500337425880998;0.16017220076675995
