start_index,p,gamma,beta
2,1,0.39581111133547636,0.23464742474946187
