start,iteration,value,g_norm
1,1,6.163888790929e+10,6.040872e+12
1,2,-5.000000000000e-01,0.000000e+00
