start,iteration,value,g_norm
1,1,-1.582587885723e+00,3.505213e+01
1,2,-1.597521768778e+00,1.409226e+01
1,3,-1.597521768778e+00,1.409226e+01
