start,iteration,value,g_norm
1,1,-7.112516681490e-01,2.613216e-01
1,2,-7.209903304322e-01,2.101737e-01
1,3,-7.262870654558e-01,3.581239e-02
1,4,-7.271285359336e-01,3.951127e-02
1,5,-7.276181912041e-01,1.408152e-02
1,6,-7.277520945861e-01,1.042413e-02
1,7,-7.277800571978e-01,2.452789e-03
1,8,-7.277823773444e-01,1.573539e-03
1,9,-7.277838861184e-01,6.559328e-04
1,10,-7.277841489799e-01,1.520561e-04
1,11,-7.277841522330e-01,2.309417e-06
1,12,-7.277841521899e-01,3.387008e-07
