start,iteration,value,g_norm
2,0,-5.804030388356e-01,4.239867e-01
2,1,-6.714535026436e-01,1.855393e-01
2,2,-6.760196912629e-01,1.893922e-02
2,3,-6.760561152143e-01,1.225902e-03
2,4,-6.760566600603e-01,3.105031e-06
2,5,-6.760566600614e-01,9.545004e-12
3,6,-6.760566600614e-01,1.069486e-08
1,7,-6.760566600614e-01,1.190406e-11
