start_index,p,gamma,beta
3,2,3.30759951328438;2.6534092663359714,0.38349983048685204;1.712883230524774
