start_index,p,gamma,beta
2,3,3.8686842201013922;6.010833284953012;2.9770673755207517,1.6739114886047068;0.951560384383838;1.2595526116930227
