start_index,p,gamma,beta
1,1,3.59166425408145,2.965492877925421

