start_index,p,gamma,beta
3,3,6.441338279857608;0.2636885404116979;0.3300221927483216,1.7672643196819287;0.20323848586468268;0.6240073072154644
