start_index,p,gamma,beta
1,4,3.4327209699411507;3.565790603470763;3.5916321709669736;3.6323640723733974,2.949430547136918;0.16462771691026806;2.9895387714036827;3.2412512747558204
