start_index,p,gamma,beta
1,2,3.500068280562815;3.6647236201636466,2.9461708221406027;3.273301936770812
38
