start,iteration,value,g_norm
1,1,-7.000847182043e+00,1.275000e+02
1,2,-7.711354581627e+00,9.650000e+01
1,3,-7.711354581627e+00,9.650000e+01
