start,iteration,value,g_norm
1,0,-7.608675940443e-01,1.547661e-01
1,1,-7.635088508233e-01,9.838867e-02
1,2,-7.635683094622e-01,5.766773e-02
1,3,-7.654048550814e-01,3.074217e-02
1,4,-7.671305879627e-01,3.762817e-02
1,5,-7.671305879627e-01,3.762817e-02
