start,iteration,value,g_norm
1,0,-6.946432850557e-01,2.010002e-01
1,1,-7.082670292581e-01,5.449872e-02
1,2,-7.095772890433e-01,4.718435e-02
1,3,-7.105187624142e-01,2.274069e-02
1,4,-7.106393057043e-01,9.547074e-03
1,5,-7.106664850083e-01,4.757377e-03
1,6,-7.106785860851e-01,1.697597e-03
1,7,-7.106805106184e-01,5.829283e-04
1,8,-7.106807598765e-01,1.217656e-04
1,9,-7.106807731727e-01,5.018286e-05
1,10,-7.106807750870e-01,9.390201e-06
1,11,-7.106807751249e-01,3.189663e-07
