start,iteration,value,g_norm
1,1,-6.373818795409e-01,1.269531e+00
1,2,-6.946768760190e-01,1.406250e+00
1,3,-7.202206178256e-01,1.710938e+00
1,4,-7.835636618100e-01,3.109375e+00
1,5,-7.879671053274e-01,2.265625e+00
