start,iteration,value,g_norm
1,1,-8.133881088578e-01,1.104288e-05
