start,iteration,value,g_norm
2,1,-4.935455587774e-01,7.756142e-01
2,2,-6.032238207052e-01,3.044215e-01
2,3,-6.201222345112e-01,2.953894e-01
2,4,-6.290569800207e-01,1.594896e-02
2,5,-6.291244920683e-01,2.113011e-03
2,6,-6.291249318201e-01,6.149131e-07
