start,iteration,value,g_norm
1,1,-5.256206724549e-01,1.812500e+00
1,2,-5.262636423772e-01,1.191406e+00
1,3,-5.360112535116e-01,1.042969e+00
1,4,-5.376679112145e-01,2.093750e+00
