start_index,p,gamma,beta
3,3,6.622864338771917;0.5472204314811262;0.6228665095838348,1.8574195651397762;0.22686397916294535;0.14539090403099725
