start_index,p,gamma,beta
3,2,3.534777674261053;3.7710519724075833,1.2928975541990015;3.314241291886906
4
