start_index,p,gamma,beta
1,4,0.30791250903453504;0.49698282966441965;0.5508412828216234;0.618740430826958,1.8562829283718538;0.23616936413876718;0.20796423580488155;0.12761563665127884
