start,iteration,value,g_norm
3,1,-3.740919492283e-01,2.663515e-01
3,2,-6.468079453531e-01,3.884770e-01
3,3,-6.627235877830e-01,9.985643e-02
3,4,-6.659751461782e-01,2.733591e-02
3,5,-6.660294189598e-01,2.739517e-04
3,6,-6.660294410802e-01,1.517429e-06
3,7,-6.660294410804e-01,1.506484e-11
