start_index,p,gamma,beta
2,3,2.7333297647392603;0.9917928858919784;-0.16246672729149328,1.4570191003165978;4.516173767791556;0.3679468417500855
