start_index,p,gamma,beta
2,2,0.427611186911268;2.292693477555079,1.7096289313944024;1.4081620996368722
