start_index,p,gamma,beta
2,4,3.5250243797441243;2.4383519879519358;2.541140975225753;3.978513984047435,3.2218353018139902;2.8799143594322425;1.4506277388571398;1.678973833267219
