start_index,p,gamma,beta
1,1,3.6018124567450025,8.087964957204962
4
