start,iteration,value,g_norm
3,1,-4.040936323339e-01,2.983212e-01
3,2,-4.999836957642e-01,1.108016e-03
3,3,-5.031360474937e-01,4.037666e-02
3,4,-5.349997281471e-01,6.120321e-01
3,5,-6.367588384100e-01,2.442985e-01
3,6,-6.404717833137e-01,1.860996e-01
3,7,-6.503992386270e-01,1.379354e-02
3,8,-6.504496089638e-01,6.568432e-04
3,9,-6.504496451469e-01,8.108021e-07
