start,kind,iteration,value,g_norm
1,warm,1,-5.086436946080e-01,2.458984e+00
1,warm,2,-5.112163953038e-01,1.914062e-01
1,warm,3,-5.230677393113e-01,9.296875e-01
1,warm,4,-5.336958659027e-01,4.482422e-01
1,warm,5,-5.423629417332e-01,4.117188e+00
1,warm,6,-5.606662012392e-01,3.054688e+00
1,warm,7,-5.643803565762e-01,1.371094e+00
1,warm,8,-5.643803565762e-01,1.371094e+00
