start_index,p,gamma,beta
3,2,2.7191318368502895;3.862785932585072,1.9343887453498885;3.353050056511619
66
