start_index,p,gamma,beta
1,1,3.691643169584725,3.4289640016057117

