start_index,p,gamma,beta
3,3,2.7801979203785856;0.6242486271752317;0.7284295066263092,1.9545683227005508;0.29547135962595794;0.17591775762671694
