start_index,p,gamma,beta
3,4,0.43620429031511165;0.5641106438579953;0.2907081065340522;1.0624294913829055,2.259422492887712;1.663325628727745;2.7453434692057876;0.16980501863814634
