start,kind,iteration,value,g_norm
1,warm,1,-8.480962706860e-01,1.513184e+00
1,warm,2,-8.551459960219e-01,2.362427e+00
1,warm,3,-8.556408719125e-01,1.716431e+00
1,warm,4,-8.580364362908e-01,2.234375e+00
1,warm,5,-8.580364362908e-01,2.234375e+00
