start,iteration,value,g_norm
1,1,-7.683403023836e-01,1.819553e-01
1,2,-7.734522343687e-01,8.716965e-02
1,3,-7.742570072380e-01,1.968002e-02
1,4,-7.744313687761e-01,3.034210e-02
1,5,-7.749998477056e-01,2.519226e-02
1,6,-7.759234950186e-01,2.438450e-02
1,7,-7.762530499853e-01,2.342606e-02
1,8,-7.762530499853e-01,2.342606e-02
