start,iteration,value,g_norm
1,1,-7.752872337681e-01,1.551056e-01
1,2,-7.802865675302e-01,1.482239e-01
1,3,-7.825409284483e-01,1.283417e-01
1,4,-7.825409284483e-01,1.283417e-01
