start,iteration,value,g_norm
1,1,-7.749351664567e-01,6.042480e-01
1,2,-7.936895589297e-01,7.343750e-01
1,3,-7.951466715583e-01,2.832031e-01
1,4,-8.060218440509e-01,2.246094e-01
1,5,-8.110434495314e-01,1.919556e-01
1,6,-8.138570468497e-01,3.515625e-01
1,7,-8.176987575740e-01,2.207031e-01
1,8,-8.176987575740e-01,2.207031e-01
