start,iteration,value,g_norm
2,1,-4.999999917482e-01,4.833349e-07
