start_index,p,gamma,beta
1,1,0.4500715879254507,0.1760997939047555
6
