start_index,p,gamma,beta
1,1,2.7120891499491893,1.7293931199944268

