start,iteration,value,g_norm
3,1,-5.000000000000e-01,2.278184e-56
