start,iteration,value,g_norm
2,1,-4.887176928147e-01,1.352648e+00
2,2,-4.999992580796e-01,3.700618e-05
2,3,-5.684902681010e-01,5.846374e-01
2,4,-5.684902683576e-01,5.846658e-01
2,5,-6.468926732595e-01,5.949315e-02
2,6,-6.475446456996e-01,5.401099e-02
2,7,-6.477305730476e-01,8.735989e-04
2,8,-6.477308086028e-01,1.450692e-05
2,9,-6.477308086119e-01,1.807060e-09
