start_index,p,gamma,beta
2,3,3.2740858368788155;6.6062106086874905;-0.20273550607446636,-0.5154147403401543;-0.4404058883458895;1.8095035241192712
