# swarm-d64 chain: k=5, D=7, p=1-15, pop=100, gens=10, burst=20, seed=42
k,D,p,ctilde,evals,wall_seconds,gamma,beta
# p=1 gen  1: best_d64=0.6461863546  pop=100
# p=1 gen  2: best_d64=0.6461863546  pop=100
# p=1 gen  3: best_d64=0.6461863546  pop=100
# p=1 gen  4: best_d64=0.6461863546  pop=100
# p=1 gen  4: best_d64=0.6461863546  pop=-1
5,7,1,0.646186354604,5030,5.6,3.579847468402955,1.770881077985515
