start,iteration,value,g_norm
1,1,-7.919504927784e-01,8.880615e-01
1,2,-8.013490790254e-01,1.018127e+00
1,3,-8.013490790254e-01,1.018127e+00
