start,kind,iteration,value,g_norm
1,warm,1,-7.985692288969e-01,1.047844e+00
1,warm,2,-7.873917155688e-01,8.703537e-01
1,warm,3,-7.898628826965e-01,8.044434e-01
2,retry,1,-7.919504927784e-01,8.880615e-01
2,retry,2,-8.013490790254e-01,1.018127e+00
2,retry,3,-8.013490790254e-01,1.018127e+00
