start_index,p,gamma,beta
3,3,4.110398459937938;0.8141148965526757;0.47871747370318174,1.5733849489325211;0.5320881785559083;0.1796246959405393
