start_index,p,gamma,beta
1,1,3.550393879368669,3.342009021796536
68
