start_index,p,gamma,beta
3,2,2.8206599705963473;3.623920474066226,1.7978451140174683;3.290177109949181

