start_index,p,gamma,beta
1,4,2.885069796941789;3.5276329394487997;3.55543833125153;3.5958875752467163,1.7992372147155804;0.19102703063444756;0.17091484013305042;0.11030598605020422
