start,kind,iteration,value,g_norm
1,warm,1,6.973031019589e+01,1.492480e+05
1,warm,2,-5.000000000000e-01,0.000000e+00
