start,iteration,value,g_norm
1,1,-4.919345429503e-01,9.685816e-01
1,2,-6.053859760498e-01,3.211410e-01
1,3,-6.231602559238e-01,4.003871e-01
1,4,-6.357917424825e-01,4.706344e-02
1,5,-6.362781922000e-01,5.546362e-03
1,6,-6.362805160561e-01,3.554877e-05
1,7,-6.362805163243e-01,1.596776e-08
