start,iteration,value,g_norm
1,1,-1.129335549807e+00,1.501953e+00
1,2,-1.200149803648e+00,2.326172e+00
1,3,-1.135362641563e+00,2.558594e+00
1,4,-1.196137036777e+00,1.870117e+00
1,5,-9.763551715098e-01,2.210938e+00
1,6,-9.620855015149e-01,2.344727e+00
1,7,-1.013878977100e+00,1.161133e+00
1,8,-1.013878977100e+00,1.161133e+00
