start,kind,iteration,value,g_norm
1,warm,1,3.827724202499e+88,8.513378e+92
1,warm,2,-5.000000000000e-01,5.692061e-19
