start,kind,iteration,value,g_norm
1,warm,1,-1.129335549807e+00,1.501953e+00
1,warm,2,-1.200149803648e+00,2.326172e+00
1,warm,3,-1.135362641563e+00,2.558594e+00
1,warm,4,-1.196137036777e+00,1.870117e+00
1,warm,5,-9.763551715098e-01,2.210938e+00
1,warm,6,-9.620855015149e-01,2.344727e+00
1,warm,7,-1.013878977100e+00,1.161133e+00
1,warm,8,-1.013878977100e+00,1.161133e+00
2,random,1,-5.000000000000e-01,1.387779e-17
3,random,1,-5.000000004019e-01,1.097804e-08
