start,iteration,value,g_norm
1,0,-7.508940401576e-01,7.629395e-06
