start_index,p,gamma,beta
2,1,3.601812456745002,8.08796495720496
73

