start_index,p,gamma,beta
2,3,3.794134606801453;6.042029916477461;2.99248254389407,1.4687675864128178;0.619754924910774;1.2605419294620777
