start_index,p,gamma,beta
3,4,2.7897129777567886;3.1027680507289266;1.3460682549034606;1.3059891425483943,0.39223876515280853;0.9864495162958449;3.1416994208648714;1.4413405808794748
