start,iteration,value,g_norm
1,1,-7.089765565408e-01,3.962277e-01
1,2,-7.252957867374e-01,9.531007e-02
1,3,-7.265639980448e-01,5.267632e-02
1,4,-7.279100669720e-01,8.593223e-02
1,5,-7.283444025102e-01,1.402314e-02
1,6,-7.283792775151e-01,9.523082e-03
1,7,-7.284044530878e-01,8.385892e-03
1,8,-7.284160674301e-01,1.057211e-03
1,9,-7.284166193675e-01,1.235853e-03
1,10,-7.284166905780e-01,1.402209e-05
1,11,-7.284166906963e-01,5.611455e-07
