start_index,p,gamma,beta
2,2,0.5129508037618562;5.9670048003831315,0.0580227821459226;1.0845405745174477
