start,iteration,value,g_norm
2,1,-5.604117701775e-01,2.793277e-01
2,2,-5.688083762500e-01,3.550568e-01
2,3,-5.740277088217e-01,7.189424e-02
2,4,-5.746463719449e-01,3.489741e-02
2,5,-5.750511549256e-01,2.728585e-02
2,6,-5.794305797536e-01,2.044839e-01
2,7,-5.831712085061e-01,5.752204e-02
2,8,-5.833990623345e-01,9.513643e-03
2,9,-5.834119116081e-01,3.728231e-04
2,10,-5.834119407029e-01,1.744181e-04
2,11,-5.834119416659e-01,3.136818e-06
2,12,-5.834119416666e-01,1.347254e-08
