start,kind,iteration,value,g_norm
1,warm,1,-4.999795821504e-01,3.457642e-02
1,warm,2,-4.999999374330e-01,9.679794e-05
