start,kind,iteration,value,g_norm
1,warm,1,-8.181756802627e-01,7.949819e+00
2,retry,1,-8.181756802627e-01,7.949819e+00
3,retry,1,-8.181756802627e-01,7.949819e+00
