start,iteration,value,g_norm
1,1,-8.181756802627e-01,7.949819e+00
