start_index,p,gamma,beta
1,3,0.4970300656135648;2.4865323261720604;3.6467978358373623,1.5514378146563075;0.9267746760430187;1.7797152700410472
