start,iteration,value,g_norm
1,0,-7.923942153156e-01,6.314833e-06
