start_index,p,gamma,beta
3,2,3.475824646091496;3.6266527143744205,0.19512255971523115;1.7026103487997752
