start,iteration,value,g_norm
3,1,-5.513495007107e-01,6.952321e-01
3,2,-6.012447421512e-01,3.392269e-01
3,3,-6.374935895848e-01,3.225190e-01
3,4,-6.423879417860e-01,8.153052e-03
3,5,-6.424023265269e-01,1.610330e-03
3,6,-6.424024539108e-01,7.314901e-07
