start,iteration,value,g_norm
1,1,-8.231870408042e-01,3.679199e-01
1,2,-8.285046263258e-01,1.591797e-01
1,3,-8.320197955310e-01,9.033203e-02
1,4,-8.317863682551e-01,1.259766e-01
1,5,-8.350639854042e-01,5.493164e-02
1,6,-8.321490796352e-01,6.640625e-02
1,7,-8.369295241312e-01,8.251953e-02
1,8,-8.371926721900e-01,5.493164e-02
1,9,-8.319190791011e-01,8.203125e-02
1,10,-8.374746101933e-01,1.254883e-01
1,11,-8.405275715060e-01,7.080078e-02
1,12,-8.405275715060e-01,7.080078e-02
