start_index,p,gamma,beta
3,4,2.8217344036403644;3.090695237869644;1.3386537552393325;1.2956642425174525,0.6130585070038612;0.6774140462911123;1.5708933085056116;1.4020746443344523
