start_index,p,gamma,beta
3,3,0.5363988903140856;2.1788671480054105;3.962312644663791,1.6551636378581402;1.4384433430439312;1.6976818929235322
42
