start_index,p,gamma,beta
2,1,0.4751688321151449,0.19963066875766156
