start_index,p,gamma,beta
3,2,3.324782725616924;3.7016565529481134,2.105649261805384;3.320376854968018
