start_index,p,gamma,beta
1,4,0.29837752201714646;0.45501634640612154;0.49251589176263355;0.5443526304496027,0.22861346965474097;0.19259283765828145;0.17430650662918906;0.11126126480542574
