start_index,p,gamma,beta
3,3,4.286528974004001;0.9634891590237468;0.5597552417687105,1.5741916896508459;0.5335697831868393;0.17911630866668513
