start,iteration,value,g_norm
1,1,-8.494717563581e-01,5.566406e-02
1,2,-8.495312360302e-01,5.688477e-02
1,3,-8.495321203788e-01,8.349609e-02
1,4,-8.500423752581e-01,4.833984e-02
1,5,-8.472325028575e-01,6.982422e-02
1,6,-8.514001231626e-01,8.300781e-02
1,7,-8.505626173838e-01,7.006836e-02
1,8,-8.529300328707e-01,8.007812e-02
1,9,-8.529300328707e-01,8.007812e-02
