start,iteration,value,g_norm
1,1,-1.184673212779e+00,7.000000e+00
