start_index,p,gamma,beta
3,4,3.017444284588803;3.451383281619612;4.04125060346089;-0.23924620514401065,0.769611982149057;1.076985414569002;1.7266230479472378;1.2177873396408887
