start_index,p,gamma,beta
2,2,-2.9386353406588275;11.946435236152892,-16.60763875398788;-10.786585969712007
