start,iteration,value,g_norm
1,1,-8.525919643734e-01,1.992798e-01
1,2,-8.538685274728e-01,1.393948e-01
1,3,-8.556107332088e-01,1.989746e-01
1,4,-8.545505520361e-01,2.783203e-01
1,5,-8.553333468141e-01,2.299805e-01
1,6,-8.554736398134e-01,1.525879e-01
