start_index,p,gamma,beta
3,2,3.3247827256169153;3.7016565529481054,2.1056492618053677;3.3203768549680075
