start_index,p,gamma,beta
3,3,4.286528974156834;0.9634891591768763;0.559755241768457,1.5741916896502752;0.533569783187014;0.17911630866649247
