start_index,p,gamma,beta
1,4,0.2983775220051109;0.45501634639066046;0.49251589177065913;0.5443526304351641,0.22861346964271226;0.19259283767430335;0.17430650662827601;0.11126126480304444
