start_index,p,gamma,beta
3,1,1.2129551553132392,2.3604692320523366

