start,kind,iteration,value,g_norm
1,warm,1,-8.365070579491e-01,3.649902e-01
1,warm,2,-8.376746210602e-01,2.866211e-01
1,warm,3,-8.396571959294e-01,9.326172e-02
1,warm,4,-8.481559009918e-01,9.228516e-02
1,warm,5,-8.482184015792e-01,1.547852e-01
1,warm,6,-8.487535566199e-01,9.716797e-02
1,warm,7,-8.487535566199e-01,9.716797e-02
2,random,1,-5.000000000000e-01,8.463358e-17
3,random,1,-4.999999880056e-01,1.032266e-06
3,random,2,-5.000000180686e-01,5.432444e-07
