start,iteration,value,g_norm
1,1,-8.365070579491e-01,3.649902e-01
1,2,-8.376746210602e-01,2.866211e-01
1,3,-8.396571959294e-01,9.326172e-02
1,4,-8.481559009918e-01,9.228516e-02
1,5,-8.482184015792e-01,1.547852e-01
1,6,-8.487535566199e-01,9.716797e-02
1,7,-8.487535566199e-01,9.716797e-02
