start_index,p,gamma,beta
1,2,0.3931850430959464;0.6294592982635496,0.2778989164817558;0.17264867129723138
