start_index,p,gamma,beta
2,1,0.4243867839055824,0.23436715225838906
