start_index,p,gamma,beta
3,3,6.5569824314303;-0.1801950582013971;3.701443585991044,-3.0173785136193922;0.8685129613373475;1.3700422648176582
