start_index,p,gamma,beta
2,2,0.3904193021359425;2.36638875881975,1.711447541140583;1.732930770340348
