start_index,p,gamma,beta
1,4,0.2574052102105014;0.40824025973694716;0.44683446945288796;0.4977250547801515,0.28439842090207484;0.23267562191167815;0.2015494892327903;0.12559447175766966
