start,iteration,value,g_norm
1,1,-7.907784127700e-01,7.963181e-05
1,2,-7.907812642913e-01,1.177788e-04
1,3,-7.907809083815e-01,1.583099e-04
1,4,-7.907809083815e-01,1.583099e-04
