start,iteration,value,g_norm
1,1,-8.506159936806e-01,8.398438e-01
1,2,-8.753965166895e-01,8.398438e-01
