start_index,p,gamma,beta
3,4,2.9193828879136965;3.0592054933653396;1.913020323952873;1.7868289836927667,0.3903009946704246;0.8538366476698599;1.57096261991751;1.4175055367547358
