start_index,p,gamma,beta
3,2,3.555067583379231;5.4836361937360305,1.4660129221734044;1.6949828399229936
