start,iteration,value,g_norm
3,1,-5.000000000118e-01,2.777380e-10
