start,iteration,value,g_norm
2,1,-5.099618595411e-01,1.195314e+00
2,2,-6.109700008011e-01,3.767883e-01
2,3,-6.261540472223e-01,3.822447e-01
2,4,-6.523510210287e-01,5.292975e-02
2,5,-6.526952921621e-01,1.216105e-03
2,6,-6.526955264402e-01,9.005507e-05
2,7,-6.526955269883e-01,2.578627e-08
