start_index,p,gamma,beta
3,2,0.3904193533008292;5.50798136974912,0.14065121483286558;1.4086619687381106
