start,iteration,value,g_norm
1,1,-8.695595358142e-01,3.189687e-01
1,2,-8.781253412126e-01,1.832023e-01
1,3,-8.809498279789e-01,5.085707e-02
1,4,-8.817189579289e-01,2.255416e-02
1,5,-8.819429656835e-01,2.166462e-02
