start_index,p,gamma,beta
3,2,3.6202970843110007;5.3337799155794094,1.4345539299415457;1.7342935894938019
7
